instruction,input,response,response_length,response_sentiment,instruction_cluster
Develop a content marketing strategy for a healthcare company to establish thought leadership.,"Company: MedPro, a healthcare services provider targeting medical professionals and patients. Target audience: healthcare industry experts and patients seeking medical information. Constraints: high competition. Goals: establish thought leadership, increase website traffic by 30% in 6 months. Workflow stage: strategy.","Create a content hub, ""MedPro Insights,"" featuring in-depth articles, webinars, and videos on industry trends and best practices. Partner with influential healthcare professionals to contribute guest posts, promoting MedPro's expertise and showcasing its commitment to education and innovation.",294,1.0,4
Develop a content marketing strategy for a B2B software company.,"Company: TechCorp, a provider of AI-powered project management tools Target Audience: Business owners and decision-makers in the tech industry Constraints: Highly competitive market, difficulty in differentiating the product Goals: Establish thought leadership, generate leads, and drive conversions Workflow Stage: Content Creation","Create a comprehensive content hub featuring industry reports, whitepapers, and case studies that highlight the benefits of AI-powered project management. Host webinars and podcasts discussing industry trends and best practices, featuring expert guests and showcasing TechCorp's expertise.",289,1.0,3
Develop a content marketing strategy to establish a B2B software company as a thought leader in the AI industry.,"Company: NovaTech, a B2B AI software provider targeting IT professionals and business owners. Target audience: tech-savvy decision-makers. Constraints: 3-month timeline, limited resources. Goals: increase website traffic by 50%, generate 20 leads per quarter. Workflow stage: Content Creation.","""AI Insights"" blog series: Publish in-depth articles on AI trends, applications, and best practices. Collaborate with industry experts to create informative whitepapers, webinars, and case studies. Utilize LinkedIn and Twitter to promote content and engage with the target audience.",282,1.0,3
Develop a content calendar for a B2B software company to establish thought leadership in the industry.,"Company: TechSolutions, a B2B software company specializing in AI-powered solutions. Target Audience: Business decision-makers in the tech industry. Constraints: Limited resources, need to prioritize high-quality content. Goals: Establish thought leadership and generate 50 leads per quarter. Workflow Stage: Content Creation","Create a content calendar featuring a mix of blog posts, whitepapers, webinars, and case studies. Focus on topics like AI adoption, industry trends, and best practices. Utilize employee advocacy to amplify content reach and engage with industry influencers to build credibility.",278,1.0,3
Create a paid advertising campaign to drive sales for an e-commerce platform specializing in outdoor gear and equipment.,"Company: AdventureHub, an e-commerce platform targeting outdoor enthusiasts. Goals: Increase sales by 30% and boost website traffic by 25%. Constraints: Limited budget of $5,000. Workflow stage: Paid advertising.","""Explore the Great Outdoors"" Google Ads campaign: Target",56,0.8,4
Develop a referral program to increase customer loyalty.,"Company: E-commerce retailer, Target Audience: Existing customers, Constraints: Limited budget, Goals: Boost referrals, Stage: Copywriting","""Refer-a-Friend"" program: Offer customers a discount code for successful referrals, create a leaderboard to track referrals, and send",133,0.75,4
Develop a content marketing strategy to establish thought leadership in the AI industry.,"Company: AI Innovations Target Audience: Tech enthusiasts, industry professionals, and potential investors Constraints: Highly competitive market, need to differentiate Goals: Increase website traffic by 30%, position the company as a leading AI authority Workflow Stage: Content Creation, SEO Optimization, Distribution","Launch ""AI Insights,"" a blog and podcast series exploring the latest AI trends, innovations, and applications. Collaborate with in-house experts and industry thought leaders to create high-quality, informative content. Utilize SEO best practices to optimize articles and podcast descriptions. Distribute content through",319,0.75,4
Develop a content marketing strategy for a B2B software company to establish thought leadership in the industry.,"Company: Proxima, a B2B software company offering innovative solutions for businesses. Target audience: business owners, IT professionals, and industry experts. Constraints: limited resources, need to establish credibility in a competitive market. Goals: increase website traffic by 25%, generate 10 high-quality leads per month. Workflow stage: Content Creation.","Launch a ""Proxima Insights"" blog, focusing on industry trends, best practices, and thought leadership pieces. Create informative, engaging content (e.g., whitepapers, web",170,0.7,3
Develop a content marketing strategy for a wellness and fitness app to attract new users and retain existing ones.,"Company: FitLife; Target Audience: Health-conscious individuals aged 25-45; Constraints: High competition in the wellness space, need to offer unique perspectives; Goals: Increase app downloads, boost user engagement, and reduce churn rate; Workflow Stage: Content Creation.","Launch ""The FitLife Journal,"" a blog focusing on holistic wellness, mindfulness, and personalized fitness advice. Collaborate with experts to produce in-depth guides, videos, and podcasts. Share user success stories and feature a ""Workout of the Month"" series. Utilize SEO best practices to improve visibility and drive organic traffic to the app's website.",357,0.65,4
Create a content calendar for a B2B software company.,"Company: TechSolutions, a provider of AI-powered marketing automation tools. Target audience: Marketing professionals and business owners. Constraints: Limited resources for content creation. Goals: Establish thought leadership and drive demo requests. Workflow stage: Post scheduling.","Develop a content calendar focusing on industry insights, best practices, and customer success stories. Allocate 40% of content",127,0.65,3
